{
  "new_embodiment": {
    "action": {
      "mean": [
        0.05358094349503517,
        0.02346734330058098,
        -0.13665993511676788,
        -0.001298900693655014,
        0.02615564689040184,
        0.02197972498834133,
        0.6189749240875244
      ],
      "std": [
        0.40268853306770325,
        0.3453098237514496,
        0.4989621341228485,
        0.05531594157218933,
        0.0784938856959343,
        0.09468908607959747,
        0.48540863394737244
      ],
      "min": [
        -0.9375,
        -0.9375,
        -0.9375,
        -0.2582142949104309,
        -0.375,
        -0.2871428430080414,
        0.0
      ],
      "max": [
        0.9375,
        0.9375,
        0.9375,
        0.3557142913341522,
        0.375,
        0.375,
        1.0
      ]
    },
    "observation.state": {
      "mean": [
        -0.09624484181404114,
        0.009828693233430386,
        1.0713963508605957,
        2.847227096557617,
        0.28127092123031616,
        -0.26198577880859375,
        0.027426013723015785,
        -0.026691170409321785
      ],
      "std": [
        0.11049898713827133,
        0.11442801356315613,
        0.10640688240528107,
        0.5377488732337952,
        0.7171357274055481,
        0.36221301555633545,
        0.015406854450702667,
        0.015237569808959961
      ],
      "min": [
        -0.46141114830970764,
        -0.30129560828208923,
        0.9083037972450256,
        0.35277295112609863,
        -1.4858465194702148,
        -1.5227035284042358,
        -0.0013586411951109767,
        -0.042040832340717316
      ],
      "max": [
        0.13579000532627106,
        0.33316105604171753,
        1.3660105466842651,
        3.473310708999634,
        2.6688623428344727,
        0.8255361318588257,
        0.04233968257904053,
        0.0010111660230904818
      ]
    }
  }
}