{
    "observation.state": {
        "mean": [
            -0.34299394488334656,
            0.16860264539718628,
            1.0181214809417725,
            3.1019275188446045,
            0.21157298982143402,
            -0.2718842923641205,
            0.03301864117383957,
            -0.028366824612021446
        ],
        "std": [
            0.08387909084558487,
            0.0697697103023529,
            0.10238837450742722,
            0.12979047000408173,
            0.41928982734680176,
            0.1771990805864334,
            0.010539116337895393,
            0.013956394977867603
        ],
        "min": [
            -0.46141114830970764,
            -0.01554941013455391,
            0.922248125076294,
            1.8802696466445923,
            -0.4122012257575989,
            -1.1941590309143066,
            -0.0008945604786276817,
            -0.041057292371988297
        ],
        "max": [
            -0.16274753212928772,
            0.24192623794078827,
            1.1875168085098267,
            3.3676536083221436,
            1.8237203359603882,
            0.29251953959465027,
            0.04233968257904053,
            0.000813557708170265
        ],
        "q01": [
            -0.44657907336950303,
            -0.00426560825202614,
            0.9242403501272202,
            2.6310621523857116,
            -0.2950794062018394,
            -0.7628576415777206,
            0.0025594057654961945,
            -0.03985908068716526
        ],
        "q99": [
            -0.19724048942327493,
            0.23449749737977982,
            1.182998719215393,
            3.277652549743653,
            1.4391886949539194,
            0.09804149866104177,
            0.041012631766498095,
            -1.4375958453453147e-05
        ]
    },
    "action": {
        "mean": [
            -0.19457785785198212,
            0.21169058978557587,
            -0.34294459223747253,
            0.008826663717627525,
            0.0374576635658741,
            0.11472715437412262,
            0.516838788986206
        ],
        "std": [
            0.23685885965824127,
            0.26289692521095276,
            0.280004620552063,
            0.039781149476766586,
            0.05104299634695053,
            0.16962601244449615,
            0.499724417924881
        ],
        "min": [
            -0.8839285969734192,
            -0.39375001192092896,
            -0.9375,
            -0.17464286088943481,
            -0.12857143580913544,
            -0.1435714215040207,
            0.0
        ],
        "max": [
            0.46071428060531616,
            0.9080356955528259,
            0.4580357074737549,
            0.19821429252624512,
            0.24535714089870453,
            0.375,
            1.0
        ],
        "q01": [
            -0.791437526345253,
            -0.1071428582072258,
            -0.9375,
            -0.10821428894996643,
            -0.062142856419086456,
            -0.09857142716646194,
            0.0
        ],
        "q99": [
            0.2689553493261358,
            0.8383928537368774,
            0.1700089323520667,
            0.1419321438670161,
            0.1907142847776413,
            0.375,
            1.0
        ]
    },
    "timestamp": {
        "mean": [
            2.2195777893066406
        ],
        "std": [
            1.3171409368515015
        ],
        "min": [
            0.0
        ],
        "max": [
            5.900000095367432
        ],
        "q01": [
            0.0
        ],
        "q99": [
            4.75
        ]
    },
    "frame_index": {
        "mean": [
            44.39155960083008
        ],
        "std": [
            26.342819213867188
        ],
        "min": [
            0.0
        ],
        "max": [
            118.0
        ],
        "q01": [
            0.0
        ],
        "q99": [
            95.0
        ]
    },
    "episode_index": {
        "mean": [
            216.16502380371094
        ],
        "std": [
            126.0823974609375
        ],
        "min": [
            9.0
        ],
        "max": [
            421.0
        ],
        "q01": [
            9.0
        ],
        "q99": [
            421.0
        ]
    },
    "index": {
        "mean": [
            26486.36328125
        ],
        "std": [
            15258.89453125
        ],
        "min": [
            1407.0
        ],
        "max": [
            51415.0
        ],
        "q01": [
            1451.53
        ],
        "q99": [
            51370.47
        ]
    },
    "task_index": {
        "mean": [
            6.0
        ],
        "std": [
            0.0
        ],
        "min": [
            6.0
        ],
        "max": [
            6.0
        ],
        "q01": [
            6.0
        ],
        "q99": [
            6.0
        ]
    }
}