{
    "observation.state": {
        "mean": [
            -0.05493244156241417,
            0.010234852321445942,
            1.1023136377334595,
            3.0846469402313232,
            -0.20097076892852783,
            0.06531912833452225,
            0.027092523872852325,
            -0.026832308620214462
        ],
        "std": [
            0.07529421895742416,
            0.05616108328104019,
            0.09241341799497604,
            0.09978926181793213,
            0.293349027633667,
            0.23595499992370605,
            0.016556814312934875,
            0.016868777573108673
        ],
        "min": [
            -0.21572765707969666,
            -0.11143849045038223,
            0.9093796610832214,
            2.262491464614868,
            -1.4858465194702148,
            -0.6971469521522522,
            0.0008494504145346582,
            -0.040008269250392914
        ],
        "max": [
            0.09776380658149719,
            0.12931793928146362,
            1.305187463760376,
            3.2718849182128906,
            0.5670274496078491,
            0.7211224436759949,
            0.04096488654613495,
            -0.0004031465796288103
        ],
        "q01": [
            -0.20155957460403442,
            -0.10349836885929108,
            0.9118075633049011,
            2.7395306491851805,
            -1.0717614746093749,
            -0.5042071413993835,
            0.0017430539848282934,
            -0.040004071593284604
        ],
        "q99": [
            0.07857927739620206,
            0.09780762970447535,
            1.2598838806152344,
            3.2385185146331787,
            0.19220351457595825,
            0.6312030053138729,
            0.04039809867739677,
            -0.0013412277773022666
        ]
    },
    "action": {
        "mean": [
            0.08540515601634979,
            0.0035977554507553577,
            -0.09804803878068924,
            -0.00019835669081658125,
            -2.0961240352335153e-06,
            -0.0028449716046452522,
            0.6474779844284058
        ],
        "std": [
            0.4414632022380829,
            0.31971341371536255,
            0.5135591626167297,
            0.033949144184589386,
            0.07126333564519882,
            0.04663984104990959,
            0.47774991393089294
        ],
        "min": [
            -0.9375,
            -0.7767857313156128,
            -0.9375,
            -0.2582142949104309,
            -0.27321428060531616,
            -0.2175000011920929,
            0.0
        ],
        "max": [
            0.9375,
            0.9375,
            0.9375,
            0.26678571105003357,
            0.3589285612106323,
            0.22178570926189423,
            1.0
        ],
        "q01": [
            -0.9375,
            -0.6214285492897034,
            -0.9375,
            -0.1103571429848671,
            -0.21535713970661163,
            -0.13868571639060973,
            0.0
        ],
        "q99": [
            0.9375,
            0.8529642915725697,
            0.9375,
            0.08785714209079742,
            0.17571428418159485,
            0.12308571457862769,
            1.0
        ]
    },
    "timestamp": {
        "mean": [
            5.008691310882568
        ],
        "std": [
            2.988036870956421
        ],
        "min": [
            0.0
        ],
        "max": [
            13.449999809265137
        ],
        "q01": [
            0.0780000011622907
        ],
        "q99": [
            11.600000381469727
        ]
    },
    "frame_index": {
        "mean": [
            100.17381286621094
        ],
        "std": [
            59.76073455810547
        ],
        "min": [
            0.0
        ],
        "max": [
            269.0
        ],
        "q01": [
            1.5600000000000023
        ],
        "q99": [
            232.0
        ]
    },
    "episode_index": {
        "mean": [
            200.87942504882812
        ],
        "std": [
            131.9424591064453
        ],
        "min": [
            3.0
        ],
        "max": [
            411.0
        ],
        "q01": [
            3.0
        ],
        "q99": [
            411.0
        ]
    },
    "index": {
        "mean": [
            24635.796875
        ],
        "std": [
            15992.794921875
        ],
        "min": [
            417.0
        ],
        "max": [
            50275.0
        ],
        "q01": [
            488.56
        ],
        "q99": [
            50203.44
        ]
    },
    "task_index": {
        "mean": [
            2.0
        ],
        "std": [
            0.0
        ],
        "min": [
            2.0
        ],
        "max": [
            2.0
        ],
        "q01": [
            2.0
        ],
        "q99": [
            2.0
        ]
    }
}