{
    "observation.state": {
        "mean": [
            -0.1238396018743515,
            -0.09160775691270828,
            1.155577540397644,
            3.0956826210021973,
            -0.0012719026999548078,
            -0.6277777552604675,
            0.021274151280522346,
            -0.021435432136058807
        ],
        "std": [
            0.07529211044311523,
            0.07053924351930618,
            0.09757329523563385,
            0.07630205899477005,
            0.16272033751010895,
            0.24562989175319672,
            0.014680768363177776,
            0.014535828493535519
        ],
        "min": [
            -0.26886311173439026,
            -0.24619434773921967,
            0.9735012650489807,
            2.806049346923828,
            -0.8536335825920105,
            -1.210339903831482,
            0.0007192048360593617,
            -0.03985152393579483
        ],
        "max": [
            0.03342262655496597,
            0.009704235009849072,
            1.3660105466842651,
            3.473310708999634,
            0.5858395099639893,
            -0.05813349783420563,
            0.03996456414461136,
            -0.0006906260969117284
        ],
        "q01": [
            -0.2319545964896679,
            -0.23221832796931266,
            0.9889911556243897,
            2.883283407688141,
            -0.5906381934881211,
            -1.1245242726802827,
            0.0028909568255767225,
            -0.039780228473246096
        ],
        "q99": [
            0.012052561650052774,
            0.003764434719923888,
            1.331754460334778,
            3.3146194815635686,
            0.3757047030329705,
            -0.08694240391254415,
            0.039840061068534854,
            -0.004352221116423596
        ]
    },
    "action": {
        "mean": [
            0.23835855722427368,
            -0.17211170494556427,
            0.08177251368761063,
            0.01596909575164318,
            0.08903021365404129,
            -0.00358684197999537,
            0.4230615496635437
        ],
        "std": [
            0.3958204686641693,
            0.20526908338069916,
            0.531005322933197,
            0.04027891531586647,
            0.09328119456768036,
            0.029086625203490257,
            0.4940435290336609
        ],
        "min": [
            -0.862500011920929,
            -0.84375,
            -0.8999999761581421,
            -0.15642857551574707,
            -0.1435714215040207,
            -0.12857143580913544,
            0.0
        ],
        "max": [
            0.8571428656578064,
            0.34285715222358704,
            0.9375,
            0.2142857164144516,
            0.375,
            0.11892857402563095,
            1.0
        ],
        "q01": [
            -0.7258124846220017,
            -0.6669642925262451,
            -0.7552767890691757,
            -0.08139642961323261,
            -0.08675356864929198,
            -0.09107142686843872,
            0.0
        ],
        "q99": [
            0.7955357432365417,
            0.16875000298023224,
            0.9375,
            0.14142857491970062,
            0.3321107169985774,
            0.07925356835126904,
            1.0
        ]
    },
    "timestamp": {
        "mean": [
            2.676279067993164
        ],
        "std": [
            1.607438325881958
        ],
        "min": [
            0.0
        ],
        "max": [
            7.25
        ],
        "q01": [
            0.05000000074505806
        ],
        "q99": [
            6.09849991321565
        ]
    },
    "frame_index": {
        "mean": [
            53.52558135986328
        ],
        "std": [
            32.148765563964844
        ],
        "min": [
            0.0
        ],
        "max": [
            145.0
        ],
        "q01": [
            1.0
        ],
        "q99": [
            121.97000000000025
        ]
    },
    "episode_index": {
        "mean": [
            167.37869262695312
        ],
        "std": [
            112.83242797851562
        ],
        "min": [
            6.0
        ],
        "max": [
            416.0
        ],
        "q01": [
            6.0
        ],
        "q99": [
            416.0
        ]
    },
    "index": {
        "mean": [
            20589.7421875
        ],
        "std": [
            13640.314453125
        ],
        "min": [
            924.0
        ],
        "max": [
            50860.0
        ],
        "q01": [
            974.03
        ],
        "q99": [
            50809.97
        ]
    },
    "task_index": {
        "mean": [
            4.0
        ],
        "std": [
            0.0
        ],
        "min": [
            4.0
        ],
        "max": [
            4.0
        ],
        "q01": [
            4.0
        ],
        "q99": [
            4.0
        ]
    }
}