{
    "observation.state": {
        "mean": [
            -0.06743385642766953,
            0.07239243388175964,
            1.0288734436035156,
            3.1335625648498535,
            -0.03098779357969761,
            -0.07430034875869751,
            0.030914757400751114,
            -0.030907634645700455
        ],
        "std": [
            0.05246974527835846,
            0.05795176699757576,
            0.08364160358905792,
            0.03841937333345413,
            0.14567358791828156,
            0.14213444292545319,
            0.00943871308118105,
            0.009268666617572308
        ],
        "min": [
            -0.21867099404335022,
            -0.03649743273854256,
            0.9083037972450256,
            2.9698586463928223,
            -0.5227920413017273,
            -0.5108334422111511,
            0.0005757869221270084,
            -0.04020305722951889
        ],
        "max": [
            0.029844865202903748,
            0.17043417692184448,
            1.191112995147705,
            3.28237247467041,
            0.440690279006958,
            0.3470235764980316,
            0.04078808054327965,
            -0.0007618964300490916
        ],
        "q01": [
            -0.20823802441358566,
            -0.028987385183572766,
            0.909393128156662,
            3.017767724990845,
            -0.46333463728427887,
            -0.45096791446208956,
            0.003012424376793206,
            -0.0398243248462677
        ],
        "q99": [
            0.017949948348104833,
            0.15389277249574648,
            1.1804958987236023,
            3.2208638525009152,
            0.29009611487388604,
            0.25550168871879536,
            0.04018831379711627,
            -0.0033438234589994323
        ]
    },
    "action": {
        "mean": [
            0.08294849842786789,
            -0.014557192102074623,
            -0.1372237354516983,
            0.001972569851204753,
            0.010183273814618587,
            -0.00676455395296216,
            0.5907685160636902
        ],
        "std": [
            0.37839275598526,
            0.3348360061645508,
            0.5440953969955444,
            0.02979637123644352,
            0.05711637809872627,
            0.030446836724877357,
            0.49169379472732544
        ],
        "min": [
            -0.918749988079071,
            -0.9375,
            -0.9375,
            -0.15214285254478455,
            -0.18642857670783997,
            -0.15642857551574707,
            0.0
        ],
        "max": [
            0.9375,
            0.7982142567634583,
            0.9375,
            0.17249999940395355,
            0.18857142329216003,
            0.1403571367263794,
            1.0
        ],
        "q01": [
            -0.6829821598529816,
            -0.8303571343421936,
            -0.9375,
            -0.08462142869830132,
            -0.13500000536441803,
            -0.1103571429848671,
            0.0
        ],
        "q99": [
            0.9375,
            0.6320892703533161,
            0.9375,
            0.09000000357627869,
            0.15426428556442215,
            0.08250000327825546,
            1.0
        ]
    },
    "timestamp": {
        "mean": [
            2.6426005363464355
        ],
        "std": [
            1.5924257040023804
        ],
        "min": [
            0.0
        ],
        "max": [
            7.300000190734863
        ],
        "q01": [
            0.05000000074505806
        ],
        "q99": [
            6.300000190734863
        ]
    },
    "frame_index": {
        "mean": [
            52.85200881958008
        ],
        "std": [
            31.8485164642334
        ],
        "min": [
            0.0
        ],
        "max": [
            146.0
        ],
        "q01": [
            1.0
        ],
        "q99": [
            126.0
        ]
    },
    "episode_index": {
        "mean": [
            221.37353515625
        ],
        "std": [
            126.77659606933594
        ],
        "min": [
            5.0
        ],
        "max": [
            418.0
        ],
        "q01": [
            5.0
        ],
        "q99": [
            418.0
        ]
    },
    "index": {
        "mean": [
            27109.142578125
        ],
        "std": [
            15344.2783203125
        ],
        "min": [
            812.0
        ],
        "max": [
            51067.0
        ],
        "q01": [
            854.02
        ],
        "q99": [
            51024.979999999996
        ]
    },
    "task_index": {
        "mean": [
            3.0
        ],
        "std": [
            0.0
        ],
        "min": [
            3.0
        ],
        "max": [
            3.0
        ],
        "q01": [
            3.0
        ],
        "q99": [
            3.0
        ]
    }
}