{
    "observation.state": {
        "mean": [
            0.020485853776335716,
            0.09942327439785004,
            0.9672458171844482,
            3.125410318374634,
            0.07788319885730743,
            0.013984937220811844,
            0.03951232135295868,
            -0.03236076980829239
        ],
        "std": [
            0.0752665102481842,
            0.11118434369564056,
            0.08658076822757721,
            0.048197876662015915,
            0.1349063217639923,
            0.19187405705451965,
            0.0020986783783882856,
            0.010964350774884224
        ],
        "min": [
            -0.2141864150762558,
            -0.037505485117435455,
            0.9097817540168762,
            2.930556058883667,
            -0.5368849635124207,
            -1.226113200187683,
            0.02025795727968216,
            -0.04036333039402962
        ],
        "max": [
            0.13579000532627106,
            0.33316105604171753,
            1.1822402477264404,
            3.334085464477539,
            0.6302592754364014,
            0.529325544834137,
            0.04094575345516205,
            0.0007400591857731342
        ],
        "q01": [
            -0.20432966351509094,
            -0.03343244682997465,
            0.9107711559534073,
            3.020303509235382,
            -0.29232467770576476,
            -0.6104664993286133,
            0.0292102218978107,
            -0.04012954849749804
        ],
        "q99": [
            0.10920222513377661,
            0.304827444255352,
            1.1741293001174926,
            3.281650223731994,
            0.39751890927553096,
            0.39438850194215747,
            0.04078122857958078,
            0.00038022704102331416
        ]
    },
    "action": {
        "mean": [
            -0.1285828948020935,
            0.3267418146133423,
            -0.39082735776901245,
            0.007244272157549858,
            -0.0006362017011269927,
            -0.005337825044989586,
            1.0
        ],
        "std": [
            0.5253131985664368,
            0.4647563695907593,
            0.2444663941860199,
            0.028565609827637672,
            0.05670946463942528,
            0.04258327558636665,
            0.0
        ],
        "min": [
            -0.9375,
            -0.9375,
            -0.9375,
            -0.11571428924798965,
            -0.24214285612106323,
            -0.19928571581840515,
            1.0
        ],
        "max": [
            0.9375,
            0.9375,
            0.7794643044471741,
            0.1435714215040207,
            0.2239285707473755,
            0.11142857372760773,
            1.0
        ],
        "q01": [
            -0.9375,
            -0.4988035640120506,
            -0.8866071701049805,
            -0.06321428716182709,
            -0.14678572118282318,
            -0.1607142835855484,
            1.0
        ],
        "q99": [
            0.9375,
            0.9297589236497871,
            0.3380892920494062,
            0.09452142640948226,
            0.14785714447498322,
            0.08904643021523917,
            1.0
        ]
    },
    "timestamp": {
        "mean": [
            3.857114315032959
        ],
        "std": [
            2.3712356090545654
        ],
        "min": [
            0.0
        ],
        "max": [
            10.949999809265137
        ],
        "q01": [
            0.05000000074505806
        ],
        "q99": [
            9.600000381469727
        ]
    },
    "frame_index": {
        "mean": [
            77.14228820800781
        ],
        "std": [
            47.424713134765625
        ],
        "min": [
            0.0
        ],
        "max": [
            219.0
        ],
        "q01": [
            1.0
        ],
        "q99": [
            192.0
        ]
    },
    "episode_index": {
        "mean": [
            223.1462860107422
        ],
        "std": [
            128.67764282226562
        ],
        "min": [
            7.0
        ],
        "max": [
            402.0
        ],
        "q01": [
            7.0
        ],
        "q99": [
            402.0
        ]
    },
    "index": {
        "mean": [
            27324.88671875
        ],
        "std": [
            15559.34765625
        ],
        "min": [
            1014.0
        ],
        "max": [
            49078.0
        ],
        "q01": [
            1063.89
        ],
        "q99": [
            49028.11
        ]
    },
    "task_index": {
        "mean": [
            5.0
        ],
        "std": [
            0.0
        ],
        "min": [
            5.0
        ],
        "max": [
            5.0
        ],
        "q01": [
            5.0
        ],
        "q99": [
            5.0
        ]
    }
}