{
    "observation.state": {
        "mean": [
            -0.011336227878928185,
            -0.05358510464429855,
            1.0889761447906494,
            1.9839372634887695,
            1.2440510988235474,
            -0.7047649621963501,
            0.03812704235315323,
            -0.039333194494247437
        ],
        "std": [
            0.07486239820718765,
            0.055127743631601334,
            0.05486687272787094,
            0.630267858505249,
            0.5624969601631165,
            0.3381422758102417,
            0.006095461081713438,
            0.0023334415163844824
        ],
        "min": [
            -0.21560138463974,
            -0.15972286462783813,
            0.9228135347366333,
            0.35277295112609863,
            -0.003284305101260543,
            -1.5227035284042358,
            -0.0013586411951109767,
            -0.042040832340717316
        ],
        "max": [
            0.11543185263872147,
            0.11117945611476898,
            1.1892515420913696,
            3.1410748958587646,
            2.136251926422119,
            0.8255361318588257,
            0.04125525802373886,
            -0.014934762381017208
        ],
        "q01": [
            -0.2034463280439377,
            -0.155217926800251,
            1.0109326124191285,
            0.9105385208129883,
            0.0002555467386264354,
            -1.2741065645217895,
            0.000458843340165913,
            -0.040997409000992774
        ],
        "q99": [
            0.09639988884329792,
            0.046075325012206715,
            1.1798189187049866,
            3.1400136518478394,
            2.0319304513931273,
            -0.07308284074068111,
            0.0405172485858202,
            -0.026169370859861447
        ]
    },
    "action": {
        "mean": [
            0.051507506519556046,
            0.04996760934591293,
            -0.2929079532623291,
            -0.042258549481630325,
            0.03548498824238777,
            0.1135016605257988,
            1.0
        ],
        "std": [
            0.2937667667865753,
            0.4143142104148865,
            0.3488907814025879,
            0.06317956745624542,
            0.10099215805530548,
            0.1123572438955307,
            0.0
        ],
        "min": [
            -0.7473214268684387,
            -0.8785714507102966,
            -0.9375,
            -0.1939285695552826,
            -0.375,
            -0.2871428430080414,
            1.0
        ],
        "max": [
            0.8491071462631226,
            0.9375,
            0.9375,
            0.3085714280605316,
            0.3471428453922272,
            0.375,
            1.0
        ],
        "q01": [
            -0.543749988079071,
            -0.5888035881519318,
            -0.9375,
            -0.1703571379184723,
            -0.21535713970661163,
            -0.14678572118282318,
            1.0
        ],
        "q99": [
            0.7146964061260216,
            0.9375,
            0.39401786923408116,
            0.11659285634756057,
            0.26659285485744444,
            0.3383785730600354,
            1.0
        ]
    },
    "timestamp": {
        "mean": [
            3.5246968269348145
        ],
        "std": [
            2.1162991523742676
        ],
        "min": [
            0.0
        ],
        "max": [
            9.75
        ],
        "q01": [
            0.05000000074505806
        ],
        "q99": [
            8.440999774932846
        ]
    },
    "frame_index": {
        "mean": [
            70.49393463134766
        ],
        "std": [
            42.325984954833984
        ],
        "min": [
            0.0
        ],
        "max": [
            195.0
        ],
        "q01": [
            1.0
        ],
        "q99": [
            168.8199999999997
        ]
    },
    "episode_index": {
        "mean": [
            220.58364868164062
        ],
        "std": [
            120.73584747314453
        ],
        "min": [
            20.0
        ],
        "max": [
            423.0
        ],
        "q01": [
            20.0
        ],
        "q99": [
            423.0
        ]
    },
    "index": {
        "mean": [
            27014.31640625
        ],
        "std": [
            14608.994140625
        ],
        "min": [
            2551.0
        ],
        "max": [
            51667.0
        ],
        "q01": [
            2611.18
        ],
        "q99": [
            51606.82
        ]
    },
    "task_index": {
        "mean": [
            9.0
        ],
        "std": [
            0.0
        ],
        "min": [
            9.0
        ],
        "max": [
            9.0
        ],
        "q01": [
            9.0
        ],
        "q99": [
            9.0
        ]
    }
}