{
    "observation.state": {
        "mean": [
            -0.07582589238882065,
            -0.03521963208913803,
            1.0909830331802368,
            3.076281785964966,
            -0.09618490189313889,
            -0.12614838778972626,
            0.018514782190322876,
            -0.019691085442900658
        ],
        "std": [
            0.055474959313869476,
            0.08879482001066208,
            0.10596462339162827,
            0.06534767150878906,
            0.18890924751758575,
            0.15312474966049194,
            0.016824621707201004,
            0.01601274125277996
        ],
        "min": [
            -0.21442244946956635,
            -0.2381347417831421,
            0.9090680480003357,
            2.781809091567993,
            -0.8245821595191956,
            -0.5845258235931396,
            0.0005285635124891996,
            -0.04064648598432541
        ],
        "max": [
            0.07029084116220474,
            0.07676119357347488,
            1.2825647592544556,
            3.365696668624878,
            0.34654873609542847,
            0.6700176000595093,
            0.04027652367949486,
            -0.0019158757058903575
        ],
        "q01": [
            -0.20702844515442848,
            -0.2167026747763157,
            0.9117774218320847,
            2.8754741549491882,
            -0.6687768143415451,
            -0.4985863506793976,
            0.0014202214917168022,
            -0.03972294602543116
        ],
        "q99": [
            0.03540881559252722,
            0.05982133120298383,
            1.2591172337532042,
            3.205692727565765,
            0.2908100172877303,
            0.3835152104496932,
            0.03969944342970848,
            -0.0021364834345877185
        ]
    },
    "action": {
        "mean": [
            0.15675871074199677,
            -0.14616578817367554,
            -0.0026247070636600256,
            -0.005306537728756666,
            0.013324934057891369,
            -0.011344878934323788,
            0.42238742113113403
        ],
        "std": [
            0.32956022024154663,
            0.318535178899765,
            0.6651051640510559,
            0.03290925547480583,
            0.06069360673427582,
            0.03472153842449188,
            0.4939369559288025
        ],
        "min": [
            -0.8142856955528259,
            -0.9375,
            -0.9375,
            -0.1403571367263794,
            -0.2775000035762787,
            -0.167142853140831,
            0.0
        ],
        "max": [
            0.9375,
            0.5919643044471741,
            0.9375,
            0.12857143580913544,
            0.2646428644657135,
            0.11892857402563095,
            1.0
        ],
        "q01": [
            -0.557866068482399,
            -0.9167946296930313,
            -0.9375,
            -0.09778928272426128,
            -0.17064642623066903,
            -0.11464285850524902,
            0.0
        ],
        "q99": [
            0.9375,
            0.37840178787708156,
            0.9375,
            0.09350357264280268,
            0.17678570747375488,
            0.08142857253551483,
            1.0
        ]
    },
    "timestamp": {
        "mean": [
            2.475994825363159
        ],
        "std": [
            1.4620661735534668
        ],
        "min": [
            0.0
        ],
        "max": [
            6.099999904632568
        ],
        "q01": [
            0.03650000054389258
        ],
        "q99": [
            5.263500051498389
        ]
    },
    "frame_index": {
        "mean": [
            49.519893646240234
        ],
        "std": [
            29.241323471069336
        ],
        "min": [
            0.0
        ],
        "max": [
            122.0
        ],
        "q01": [
            0.730000000000004
        ],
        "q99": [
            105.26999999999953
        ]
    },
    "episode_index": {
        "mean": [
            240.5341033935547
        ],
        "std": [
            116.62828826904297
        ],
        "min": [
            19.0
        ],
        "max": [
            415.0
        ],
        "q01": [
            19.0
        ],
        "q99": [
            415.0
        ]
    },
    "index": {
        "mean": [
            29391.60546875
        ],
        "std": [
            14140.724609375
        ],
        "min": [
            2451.0
        ],
        "max": [
            50746.0
        ],
        "q01": [
            2496.73
        ],
        "q99": [
            50700.27
        ]
    },
    "task_index": {
        "mean": [
            8.0
        ],
        "std": [
            0.0
        ],
        "min": [
            8.0
        ],
        "max": [
            8.0
        ],
        "q01": [
            8.0
        ],
        "q99": [
            8.0
        ]
    }
}