{
    "observation.state": {
        "mean": [
            -0.05137941613793373,
            0.03035556711256504,
            1.0184682607650757,
            3.0859038829803467,
            -0.1056409552693367,
            -0.12164180725812912,
            0.02188999392092228,
            -0.022354960441589355
        ],
        "std": [
            0.07944101840257645,
            0.016448769718408585,
            0.08599941432476044,
            0.05297545716166496,
            0.15394653379917145,
            0.1268560141324997,
            0.017043249681591988,
            0.01658223383128643
        ],
        "min": [
            -0.22480200231075287,
            -0.012051340192556381,
            0.9099432826042175,
            2.889413595199585,
            -0.6312523484230042,
            -0.618050754070282,
            0.0011724814539775252,
            -0.03990744799375534
        ],
        "max": [
            0.08989658206701279,
            0.07165910303592682,
            1.1883867979049683,
            3.200746774673462,
            0.4079439043998718,
            0.249241903424263,
            0.03995521366596222,
            -0.0017992653883993626
        ],
        "q01": [
            -0.20979071617126466,
            -0.004681122852489353,
            0.9139723134040832,
            2.931008286476135,
            -0.557897801399231,
            -0.4993277829885483,
            0.0017117197113111614,
            -0.039850915372371676
        ],
        "q99": [
            0.07458740383386614,
            0.06501317828893662,
            1.1803905296325683,
            3.180240917205811,
            0.23678250312805238,
            0.1313152784109116,
            0.03979557208716869,
            -0.0019275256502442062
        ]
    },
    "action": {
        "mean": [
            0.19900131225585938,
            0.014003346674144268,
            -0.18758629262447357,
            -0.0077331638894975185,
            0.006465203128755093,
            -0.008739079348742962,
            0.5128205418586731
        ],
        "std": [
            0.4652900695800781,
            0.1391984224319458,
            0.5449416637420654,
            0.030241642147302628,
            0.05881725996732712,
            0.034194886684417725,
            0.4998375177383423
        ],
        "min": [
            -0.8303571343421936,
            -0.5464285612106323,
            -0.9375,
            -0.11785714328289032,
            -0.2571428716182709,
            -0.1810714304447174,
            0.0
        ],
        "max": [
            0.9375,
            0.4794642925262451,
            0.9375,
            0.17249999940395355,
            0.2046428620815277,
            0.13285714387893677,
            1.0
        ],
        "q01": [
            -0.6241071224212646,
            -0.3455357253551483,
            -0.9375,
            -0.08142857253551483,
            -0.14076428323984147,
            -0.12469285368919372,
            0.0
        ],
        "q99": [
            0.9375,
            0.39310715436935484,
            0.9080356955528259,
            0.09362142920494092,
            0.15857142210006714,
            0.0771428570151329,
            1.0
        ]
    },
    "timestamp": {
        "mean": [
            2.3257064819335938
        ],
        "std": [
            1.385210394859314
        ],
        "min": [
            0.0
        ],
        "max": [
            6.25
        ],
        "q01": [
            0.0
        ],
        "q99": [
            5.099999904632568
        ]
    },
    "frame_index": {
        "mean": [
            46.514137268066406
        ],
        "std": [
            27.704208374023438
        ],
        "min": [
            0.0
        ],
        "max": [
            125.0
        ],
        "q01": [
            0.0
        ],
        "q99": [
            102.0
        ]
    },
    "episode_index": {
        "mean": [
            212.38768005371094
        ],
        "std": [
            118.3538818359375
        ],
        "min": [
            0.0
        ],
        "max": [
            427.0
        ],
        "q01": [
            0.0
        ],
        "q99": [
            427.0
        ]
    },
    "index": {
        "mean": [
            25999.44921875
        ],
        "std": [
            14320.34765625
        ],
        "min": [
            0.0
        ],
        "max": [
            52041.0
        ],
        "q01": [
            45.62
        ],
        "q99": [
            51995.38
        ]
    },
    "task_index": {
        "mean": [
            0.0
        ],
        "std": [
            0.0
        ],
        "min": [
            0.0
        ],
        "max": [
            0.0
        ],
        "q01": [
            0.0
        ],
        "q99": [
            0.0
        ]
    }
}