{
    "observation.state": {
        "mean": [
            -0.14124701917171478,
            0.09994135797023773,
            1.0338025093078613,
            3.053895950317383,
            -0.03272906690835953,
            -0.18556493520736694,
            0.02139110676944256,
            -0.021432440727949142
        ],
        "std": [
            0.06473303586244583,
            0.0904502421617508,
            0.08339942991733551,
            0.0742311179637909,
            0.1363750845193863,
            0.15781350433826447,
            0.01699850708246231,
            0.016932381317019463
        ],
        "min": [
            -0.27576500177383423,
            -0.010935833677649498,
            0.9100401401519775,
            2.8319692611694336,
            -0.5758185982704163,
            -0.7350951433181763,
            0.001101593254134059,
            -0.0399976447224617
        ],
        "max": [
            0.0015375514049082994,
            0.28323519229888916,
            1.194048523902893,
            3.344907522201538,
            0.6176641583442688,
            0.21805480122566223,
            0.04010910913348198,
            0.0010111660230904818
        ],
        "q01": [
            -0.25434151917696,
            -0.007091151629574597,
            0.9131268864870071,
            2.8704010438919068,
            -0.40542989641427996,
            -0.6360136985778808,
            0.0015685157233383507,
            -0.039866467416286466
        ],
        "q99": [
            -0.020271350946277376,
            0.26814929842948915,
            1.178107912540436,
            3.1724336719512944,
            0.38825944632291964,
            0.10553186357021342,
            0.03978867392987013,
            -0.0016289538110140637
        ]
    },
    "action": {
        "mean": [
            -0.022723130881786346,
            0.18773017823696136,
            -0.14651396870613098,
            -0.009984993375837803,
            0.01950644701719284,
            -0.006578011438250542,
            0.4903172552585602
        ],
        "std": [
            0.3980141282081604,
            0.2811918258666992,
            0.5217180848121643,
            0.0283984262496233,
            0.045505352318286896,
            0.03620978444814682,
            0.49990004301071167
        ],
        "min": [
            -0.9321428537368774,
            -0.5223214030265808,
            -0.9375,
            -0.12107142806053162,
            -0.1274999976158142,
            -0.16285714507102966,
            0.0
        ],
        "max": [
            0.9375,
            0.8919642567634583,
            0.9375,
            0.14678572118282318,
            0.19821429252624512,
            0.12535713613033295,
            1.0
        ],
        "q01": [
            -0.64947320997715,
            -0.2410714328289032,
            -0.9375,
            -0.09000000357627869,
            -0.08457857146859168,
            -0.11464285850524902,
            0.0
        ],
        "q99": [
            0.9375,
            0.8330357074737549,
            0.9375,
            0.06857142597436905,
            0.15157499819994,
            0.08892857283353806,
            1.0
        ]
    },
    "timestamp": {
        "mean": [
            2.5188605785369873
        ],
        "std": [
            1.4875209331512451
        ],
        "min": [
            0.0
        ],
        "max": [
            6.099999904632568
        ],
        "q01": [
            0.05000000074505806
        ],
        "q99": [
            5.449999809265137
        ]
    },
    "frame_index": {
        "mean": [
            50.37721633911133
        ],
        "std": [
            29.750417709350586
        ],
        "min": [
            0.0
        ],
        "max": [
            122.0
        ],
        "q01": [
            1.0
        ],
        "q99": [
            109.0
        ]
    },
    "episode_index": {
        "mean": [
            238.203125
        ],
        "std": [
            122.6374740600586
        ],
        "min": [
            13.0
        ],
        "max": [
            426.0
        ],
        "q01": [
            13.0
        ],
        "q99": [
            426.0
        ]
    },
    "index": {
        "mean": [
            29165.609375
        ],
        "std": [
            14846.9140625
        ],
        "min": [
            1827.0
        ],
        "max": [
            51949.0
        ],
        "q01": [
            1875.53
        ],
        "q99": [
            51900.47
        ]
    },
    "task_index": {
        "mean": [
            7.0
        ],
        "std": [
            0.0
        ],
        "min": [
            7.0
        ],
        "max": [
            7.0
        ],
        "q01": [
            7.0
        ],
        "q99": [
            7.0
        ]
    }
}