{
    "observation.state": {
        "mean": [
            -0.1779465228319168,
            -0.09616480022668839,
            1.1389901638031006,
            1.9534558057785034,
            1.5850532054901123,
            -0.6221441626548767,
            0.0272415429353714,
            -0.0277809277176857
        ],
        "std": [
            0.030165253207087517,
            0.11415155231952667,
            0.08504240959882736,
            0.5109478831291199,
            0.6371460556983948,
            0.3305373191833496,
            0.013842754997313023,
            0.013554698787629604
        ],
        "min": [
            -0.3049246668815613,
            -0.30129560828208923,
            0.9434038996696472,
            1.0369755029678345,
            -0.0018657862674444914,
            -1.4088919162750244,
            -0.001207826193422079,
            -0.04039546102285385
        ],
        "max": [
            -0.08009322732686996,
            0.07234125584363937,
            1.3266788721084595,
            3.141303300857544,
            2.6688623428344727,
            0.3803273141384125,
            0.04053327813744545,
            -0.0009743071277625859
        ],
        "q01": [
            -0.23876988157629966,
            -0.29729998856782913,
            0.9637069123983383,
            1.2067698085308074,
            0.0019412580225616693,
            -1.218495213985443,
            0.002142497575841844,
            -0.04001032765954733
        ],
        "q99": [
            -0.10057647518813612,
            0.05772007066756484,
            1.2973954486846924,
            3.1385236740112306,
            2.5131473302841156,
            0.2182101456820952,
            0.04001231051981449,
            -0.006038274145685137
        ]
    },
    "action": {
        "mean": [
            -0.0019555615726858377,
            -0.12585312128067017,
            -0.006987354252487421,
            0.011243450455367565,
            0.0520007461309433,
            0.07195025682449341,
            0.5766388177871704
        ],
        "std": [
            0.18102394044399261,
            0.21514712274074554,
            0.3791751265525818,
            0.11127813905477524,
            0.09619859606027603,
            0.14790226519107819,
            0.49409162998199463
        ],
        "min": [
            -0.6508928537368774,
            -0.7124999761581421,
            -0.6857143044471741,
            -0.24214285612106323,
            -0.2785714268684387,
            -0.2775000035762787,
            0.0
        ],
        "max": [
            0.6964285969734192,
            0.5410714149475098,
            0.9375,
            0.3557142913341522,
            0.375,
            0.375,
            1.0
        ],
        "q01": [
            -0.4446428716182709,
            -0.6508928537368774,
            -0.5511696356534957,
            -0.1797535763680935,
            -0.1542857140302658,
            -0.20307856917381287,
            0.0
        ],
        "q99": [
            0.5243839043378817,
            0.3080357015132904,
            0.9375,
            0.29249998927116394,
            0.2946428656578064,
            0.3707142770290375,
            1.0
        ]
    },
    "timestamp": {
        "mean": [
            4.366918087005615
        ],
        "std": [
            2.62772536277771
        ],
        "min": [
            0.0
        ],
        "max": [
            12.649999618530273
        ],
        "q01": [
            0.05000000074505806
        ],
        "q99": [
            10.149999618530273
        ]
    },
    "frame_index": {
        "mean": [
            87.33837127685547
        ],
        "std": [
            52.554508209228516
        ],
        "min": [
            0.0
        ],
        "max": [
            253.0
        ],
        "q01": [
            1.0
        ],
        "q99": [
            203.0
        ]
    },
    "episode_index": {
        "mean": [
            195.95742797851562
        ],
        "std": [
            116.47386932373047
        ],
        "min": [
            1.0
        ],
        "max": [
            419.0
        ],
        "q01": [
            1.0
        ],
        "q99": [
            419.0
        ]
    },
    "index": {
        "mean": [
            23988.83203125
        ],
        "std": [
            14098.88671875
        ],
        "min": [
            112.0
        ],
        "max": [
            51240.0
        ],
        "q01": [
            174.23000000000002
        ],
        "q99": [
            51177.77
        ]
    },
    "task_index": {
        "mean": [
            1.0
        ],
        "std": [
            0.0
        ],
        "min": [
            1.0
        ],
        "max": [
            1.0
        ],
        "q01": [
            1.0
        ],
        "q99": [
            1.0
        ]
    }
}